,Number,Title,Description,Link,Season,Episode
0,"Season 1, Episode 1",Costa Rica Vacation Home,"Mark and Carolle Cotter love living in Northridge, California and find it to be the perfect place to raise their six-year old son.  However, life is all work and not a lot of play, so after ...",www.hgtv.com/shows/house-hunters-international/episodes/costa-rica-vacation-home,1,1
1,"Season 1, Episode 2",Dominican Vacation Home,"Throughout their fifteen years of marriage, Steve and Susan Miller have traveled the world, with trips to sites such as Sicily, Panama, Tahiti and Australia.  At present, the Millers reside ...",www.hgtv.com/shows/house-hunters-international/episodes/dominican-vacation-home,1,2
2,"Season 1, Episode 3",Vacation Home in Spain,"Lesley and Clive have been together for more than thirty years.  Both lovers of music, dogs and travel, they've decided it's time to look for a second home in an exotic location.  Tired of ...",www.hgtv.com/shows/house-hunters-international/episodes/vacation-home-in-spain,1,3
3,"Season 1, Episode 4",Vacation Home in Italy,"Peter and Beverly Moule live in Goff's Oak, just outside of London, in a guest house while their Georgian style three-story main house is under construction.  Looking to get away from the ...",www.hgtv.com/shows/house-hunters-international/episodes/vacation-home-in-italy,1,4
4,"Season 1, Episode 5",Vacation Home in Paris,"New Yorkers Jeff Ballinger and Mary Schiller recently began the first steps toward making their dream together a reality.  After honeymooning in Paris, they knew they wanted their own ...",www.hgtv.com/shows/house-hunters-international/episodes/vacation-home-in-paris,1,5
5,"Season 1, Episode 1",Planting New Costa Rican Roots,"After attending college in the United States, 27-year-old Tyson Ennis returned home to Costa Rica and moved back in with his parents, who own a place in the city of Escazu (southwest of ...",www.hgtv.com/shows/house-hunters-international/episodes/planting-new-costa-rican-roots,1,1
6,"Season 1, Episode 2",Belize Bound,"Real estate agent Michelle Owens adores her life in Charleston, S.C., but after vacationing in Belize six years ago, she fell in love with the exquisite natural beauty of the Central ...",www.hgtv.com/shows/house-hunters-international/episodes/belize-bound,1,2
7,"Season 1, Episode 3",Honduras Home Hunt,"Gary Howorka and his girlfriend, Rebecca Anderson, love the laidback lakefront home they live in on Minnesota's Lake Minnetonka. But with cold temperatures half the year and crowded ...",www.hgtv.com/shows/house-hunters-international/episodes/honduras-home-hunt,1,3
8,"Season 1, Episode 4",Sao Paulo Search,"After living with his sister for five years, Sao Paulo resident Vinnie Porto de Oliveira is ready to buy a place of his own. Sao Paulo is the largest city in Brazil, with a population of 17 ...",www.hgtv.com/shows/house-hunters-international/episodes/sao-paulo-search,1,4
9,"Season 1, Episode 5",Picking a Place in Prague,"Martin Michajluk and his fiancee, Eva Dakovova, live about 45 minutes from each other in the outlying districts of Prague, the capital of the Czech Republic. When they want to spend quality ...",www.hgtv.com/shows/house-hunters-international/episodes/picking-a-place-in-prague,1,5
10,"Season 1, Episode 6","A Unique Renovation in Johannesburg, South Africa","Ryan and Leyla followed their film careers from LA to Capetown.  Now, with their four-year-old son, they're putting down roots in Johannesburg.  While Leyla's looking for a move-in-ready space ...",www.hgtv.com/shows/house-hunters-international/episodes/a-unique-renovation-in-johannesburg-south-africa,1,6
11,"Season 1, Episode 7",Dream Home in the Bahamas,"Donna and Patrick Rollins' four-bedroom Nassau, Bahamas, home just is not big enough for the couple and their three growing kids. Though they have tried to renovate the house to make it a ...",www.hgtv.com/shows/house-hunters-international/episodes/dream-home-in-the-bahamas,1,7
12,"Season 1, Episode 8",Beachside Dream Home,"Pat and Tom DeGasperis have spent 16 happy years of marriage in historic Bethlehem, Penn., where they built a successful jewelry business together. The only thing missing in their lives is ...",www.hgtv.com/shows/house-hunters-international/episodes/beachside-dream-home,1,8
13,"Season 1, Episode 9",Dominican Dream,"Seeley Oliver is a hard-working businesswoman who needs an escape from the hustle and bustle of New York City. She wants a slice of paradise, so she is moving to the Caribbean. See if she ...",www.hgtv.com/shows/house-hunters-international/episodes/dominican-dream,1,9
14,"Season 1, Episode 10",Condo in Buenos Aires,"Attorney Fred Royce bought his home called Henderson Castle in Kalamazoo, Mich., more than 20 years ago. He has recently turned into a bed-and-breakfast. As much as he loves his home, he has ...",www.hgtv.com/shows/house-hunters-international/episodes/buenos-aires-condo,1,10
15,"Season 1, Episode 11",Settling in Scotland,"Newlyweds Sally and Scot McLellan love the location of their one-bedroom flat in Glasgow, Scotland, but after two years of renting, they are ready to buy a place of their own. Though they ...",www.hgtv.com/shows/house-hunters-international/episodes/settling-in-scotland,1,11
16,"Season 1, Episode 12",Edinburgh Expansion,"Claire and Russell Higgins live in two-bedroom house in the charming city of Edinburgh, Scotland, with their 5-year old daughter, Beth. With another baby on the way, the couple is ready to ...",www.hgtv.com/shows/house-hunters-international/episodes/edinburgh-expansion,1,12
17,"Season 1, Episode 13",Roatan Relocation,"Water lovers Debbie and Steven Cervantes were nearly finished remodeling their five-bedroom house in Huntington Beach, Calif., when they took a brief vacation to a Caribbean island off the ...",www.hgtv.com/shows/house-hunters-international/episodes/roatan-relocation,1,13
18,"Season 9, Episode 1",To Stay in Spain,"Ron and Emma Bushaway are natives of London, England and are hoping to make their permanent home in the sunny Andalusian region of Spain.  After traveling around the country, they fell in ...",www.hgtv.com/shows/house-hunters-international/episodes/londoners-search-for-a-new-home-in-andalusia-spain,9,1
19,"Season 9, Episode 2",Caribbean Charm,"Doug and Kendy Steeves have been in a whirlwind ever since Doug was offered a job in the Cayman Islands.  They've sold their home in Ontario, Canada and begun a house hunting journey on Grand ...",www.hgtv.com/shows/house-hunters-international/episodes/a-canadian-couple-moves-to-grand-cayman-island,9,2
20,"Season 9, Episode 3",Voguish Vancouver,"Brian Dahl is ready to give up the quiet neighborhood he's lived in for 17 years in favor of downtown Vancouver, British Columbia.  He'd love to be able to walk to work from the trendy ...",www.hgtv.com/shows/house-hunters-international/episodes/a-vancouver-man-looks-for-a-new-home-downtown,9,3
21,"Season 9, Episode 4",Costa Rican Casa,"Jaco Beach is a Costa Rican sanctuary for beach-goers, sun worshippers and surfers.  This appeals to long time New Mexico residents Page Sullivan and Luther Holley who are looking for a ...",www.hgtv.com/shows/house-hunters-international/episodes/a-new-mexico-couple-seeks-a-beachfront-vacation-home-in-costa-rica,9,4
22,"Season 9, Episode 5",Condo in Toronto's West End,"Briana Lacey currently lives with her parents and brother in Toronto, trying to make the best use of what little space she has in the cramped home.  While somewhat reluctant to move, she has ...",www.hgtv.com/shows/house-hunters-international/episodes/a-young-woman-searches-for-a-condo-in-torontos-west-end,9,5
23,"Season 9, Episode 6",Hollywood in Nicaragua,"David and Luna Brownlee were married in Amalfia, Italy, where Luna is from.  After their honeymoon, the two returned to David's home in Nicaragua, and they've decided that it's time for them ...",www.hgtv.com/shows/house-hunters-international/episodes/a-couple-looks-for-a-home-in-nicaragua-reminiscent-of-the-hollywood-hills,9,6
24,"Season 9, Episode 7",Honeymoon-Inspired Hunt,"Ted Prosser, a real estate investor and developer, and his wife Sharon, a former restaurant owner, currently reside just outside Asheville, North Carolina.  Recently married, the couple fell ...",www.hgtv.com/shows/house-hunters-international/episodes/vacation-villa-in-the-virgin-islands,9,7
25,"Season 9, Episode 8",Apartment in Argentina,"Madeleine Gilinsky is a retired dancer who's stepping out and buying a home in the tango capital of Buenos Aires.  She currently lives in Santa Monica, California, and she's taking on this ...",www.hgtv.com/shows/house-hunters-international/episodes/apartment-in-argentina,9,8
26,"Season 9, Episode 9",Cozy in the Cayman Islands,"CPA Todd Hazlewood moved from Fresno, California to Grand Cayman Island for a job more than three years ago.  He currently lives on the edge of George Town, the capital of the Cayman Islands ...",www.hgtv.com/shows/house-hunters-international/episodes/cozy-in-the-cayman-islands4,9,9
27,"Season 9, Episode 10",Downsizing in a French Village,"Beverly and Dave Burridge have lived in St. Meme Les Carrieres, France for the past six years.  While most people outgrow their homes, the Burridges have found that they have too much space ...",www.hgtv.com/shows/house-hunters-international/episodes/cozy-in-the-cayman-islands,9,10
28,"Season 32, Episode 1",Modern Living in Central Rome,Darius and Erica have something special in common--she's an Italian writer and he's an ancient Roman archeologist. So it should come as no surprise that their Roman love affair has become ...,www.hgtv.com/shows/house-hunters-international/episodes/modern-living-in-central-rome,32,1
29,"Season 32, Episode 2",Foraging in Barran France,"Seven years after meeting, Londoners Rob Brown and Hannah Pyle had a full house in London. Hannah's father runs a truffle farm in Southern France and requires Rob and Hannah's help. They're ...",www.hgtv.com/shows/house-hunters-international/episodes/foraging-in-barran-france,32,2
30,"Season 32, Episode 3",Following Bucket List Dreams to Amsterdam,"Since meeting in grad school, Eric and Harini  have dreamt of living abroad together.  After a serious surgery, Harini realized it was time to seize life.  Working as marketing consultants ...",www.hgtv.com/shows/house-hunters-international/episodes/after-a-serious-surgery-eric-and-harini-realize-life-is-short-and-decide-to-follow-their-bucket-list-dream-of-moving-to-amsterdam-the-netherlands,32,3
31,"Season 32, Episode 4","Working for a Vacation Home in Costa Blanca, Spain","Vern and Nicole are a New Jersey couple who have spent years methodically working multiple jobs and saving in order to buy a vacation home on the idyllic coast of Costa Blanca, Spain.  With ...",www.hgtv.com/shows/house-hunters-international/episodes/working-for-a-vacation-home-in-costa-blanca-spain,32,4
32,"Season 32, Episode 5",Moving up to Hong Kong,"Kelly and Guo had a penchant for crossing paths without connecting them, but eventually the stars aligned for this Queens, NY couple.  After tying the knot and renovating their dream ...",www.hgtv.com/shows/house-hunters-international/episodes/moving-up-to-hong-kong,32,5
33,"Season 32, Episode 6","A Simplified Life in Chiang Mai, Thailand","Jay and Aye are ready for a change from the typical life in Houston. They sold their house, their cars and 90% of their possessions to move to Chiang Mai, Thailand and plan to  volunteer as ...",www.hgtv.com/shows/house-hunters-international/episodes/a-simplified-life-in-chiang-mai-thailand,32,6
34,"Season 32, Episode 7",Canadians in the Caribbean,"After being offered a  job in Antigua, helicopter engineers Tanner and his wife, Shari began traveling back and forth from Ontario, Canada to the Caribbean island.   Now that Tanner has decided ...",www.hgtv.com/shows/house-hunters-international/episodes/canadians-in-the-caribbean,32,7
35,"Season 32, Episode 8","Hitting the books in Bologna, Italy","Paige & Michael are a young couple with a 7 month old baby daughter named Ada. They've always lived in Provo, Utah but are now flipping things around with a move to the cosmopolitan city ...",www.hgtv.com/shows/house-hunters-international/episodes/hitting-the-books-in-bologna-italy,32,8
36,"Season 32, Episode 9","Hip, Renovated Apartments in Historic Cologne, Germany","Globetrotting Daniel has always been a little restless, but after accepting his first job contract in Germany he's ready to grow up. And who knows, he might even meet someone special and ...",www.hgtv.com/shows/house-hunters-international/episodes/hitting-the-books-in-bologna-italy2,32,9
37,"Season 32, Episode 10",A New Adventure in the Azores,"Living in North Dakota, Rob, a US Air Force civil engineer, and his wife Vanessa were hoping for some more adventure. Then, Rob got the call that he was going to be transferred overseas ...",www.hgtv.com/shows/house-hunters-international/episodes/a-new-adventure-in-the-azores,32,10
38,"Season 32, Episode 11",Rediscovering Roots in Vienna,"In 1939, Eva Wein's grandfather, then ten years old, narrowly escaped Nazi-occupied Vienna.  Now, seven decades later, Eva and her husband Chris are headed back to the place she always felt ...",www.hgtv.com/shows/house-hunters-international/episodes/the-weins-seek-an-apartment-in-vienna-austria-so-eva-can-reconnect-with-her-familys-history,32,11
39,"Season 32, Episode 12","From California to Cork, Ireland","Carrie and Hernan have spent the last 20 years happily living in Sacramento, California, but when a major job opportunity presented itself for Hernan to relocate to Cork, Ireland, they both ...",www.hgtv.com/shows/house-hunters-international/episodes/from-california-to-cork-ireland,32,12
40,"Season 32, Episode 13","A family finds a peaceful life in Cuenca, Ecuador.","Bryan and Dena Haines had a successful advertising business in Toronto, Canada. But the grueling pace and stress of their working lives forced them to consider a change. Once their daughter ...",www.hgtv.com/shows/house-hunters-international/episodes/a-family-finds-a-peaceful-life-in-cuenca-ecuador,32,13
41,"Season 50, Episode 1","Coming of Age in Paris, France","After years of having an affair with France, twenty-two year old Melania Malavazos leaves small town New York behind for good to pursue grad school and a new life in Paris. Unlike any ...",www.hgtv.com/shows/house-hunters-international/episodes/coming-of-age-in-paris-france,50,1
42,"Season 50, Episode 2","A Return to Rome, Italy","Texan Liz Knight started her love affair with Italy's capital city when she was 18. After living there for four years, Liz moved back to Texas to train as a lawyer and save up for her return ...",www.hgtv.com/shows/house-hunters-international/episodes/a-return-to-rome-italy,50,2
43,"Season 50, Episode 3","Coming Ashore in San Juan, Puerto Rico","Beth Morehart knew that when her newlywed husband Tyler enlisted in the Coast Guard, it would have an impact on their family. With Tyler gone for weeks at a time at sea, Beth has grown weary ...",www.hgtv.com/shows/house-hunters-international/episodes/coming-ashore-in-san-juan-puerto-rico,50,3
44,"Season 50, Episode 4",The Red Hot Chile Painter,"With tough economic times in California hindering her artistic creativity, Artist Jen Tenance is moving to Santiago, Chile to find fresh inspiration and begin a new start.  But facing a tight ...",www.hgtv.com/shows/house-hunters-international/episodes/the-red-hot-chile-painter,50,4
45,"Season 50, Episode 5","Interning in Leuven, Belgium","When Chris Maloney's PhD program offered an internship in Leuven, Belgium he leapt at the chance to study abroad.  Now, new wife, Kelly is giving up her job and leaving her friends and family ...",www.hgtv.com/shows/house-hunters-international/episodes/interning-in-leuven-belgium,50,5
46,"Season 50, Episode 6","Bound for Buenos Aires, Argentina","After graduating from college, Vivi felt restless. Unsure about her next step, she traveled to Buenos Aires and there found inspiration in its frenetic streets so different from what she's ...",www.hgtv.com/shows/house-hunters-international/episodes/bound-for-buenos-aires-argentina,50,6
47,"Season 50, Episode 7","A Homecoming in Granada, Nicaragua","After years of layovers in Nicaragua, Wisconsin pilot Scott always dreamt of living there and after meeting Lucia, he knew Granada was home. They started their new life in Wisconsin, but ...",www.hgtv.com/shows/house-hunters-international/episodes/a-homecoming-in-granada-nicaragua,50,7
48,"Season 50, Episode 8","Parents and Kids Cohabitate in Cabarete, Dominican Republic",Rod and Michelle fell in love with the people of the Dominican Republic when they hosted minor league baseball players from the island in their Montana home. Their fondness for the country ...,www.hgtv.com/shows/house-hunters-international/episodes/parents-and-kids-cohabitate-in-cabarete-dominican-republic,50,8
49,"Season 50, Episode 9",A Stationing of a Lifetime in Naples,"Life in the military can often mean lots of moving around. After starting their family in Gulf Port, Mississippi, James and Brooke knew they wanted to expand young Josiah's horizons. When ...",www.hgtv.com/shows/house-hunters-international/episodes/a-stationing-of-a-lifetime-in-naples,50,9
50,"Season 50, Episode 10","Bachelor Pad in Buenos Aires, Argentina","With the ability to work from anywhere as a web performance engineer Willie Jackson is switching things up and moving to Buenos Aires. While he loves his friends, his apartment, and the food ...",www.hgtv.com/shows/house-hunters-international/episodes/bachelor-pad-in-buenos-aires-argentina,50,10
51,"Season 50, Episode 11","Leaving Pennsylvania for Cartaya, Spain","Young American newlyweds Stephanie and Ryan Palmer moved in with her parents after their wedding, in anticipation of their big move to Spain. With an opportunity for Ryan to teach English ...",www.hgtv.com/shows/house-hunters-international/episodes/leaving-pennsylvania-for-cartaya-spain,50,11
52,"Season 50, Episode 12",Baja-liday Road,"When Justin Mecklenborg accepts a new job in Loreto Baja Mexico, his wife Tamra and their two kids and Labrador Sam load up the family wagon and head south from San Diego to the sunny shores ...",www.hgtv.com/shows/house-hunters-international/episodes/baja-liday-road,50,12
53,"Season 50, Episode 13",Peaceful in Puerto Penasco,"With her husband Greg working long hours as a city planner, Jennifer demanded that her family take one weekend away to reconnect.  They discovered the Mexican resort town of Puerto Peñasco ...",www.hgtv.com/shows/house-hunters-international/episodes/peaceful-in-puerto-peasco,50,13
54,"Season 63, Episode 1",A Couple Starts Fresh in Denmark,"When scientist Alistair met financier Hannah, the chemistry was instant.  But after Alistair received a job opportunity in small town Denmark, they're packing up his lab coats and beakers and ...",www.hgtv.com/shows/house-hunters-international/episodes/a-couple-starts-fresh-in-denmark,63,1
55,"Season 63, Episode 2","Going the Distance to Bridge the Gap in Montevideo, Uruguay","Michelle and Tom nurtured a relationship 8,000 miles apart these last six years since they can't legally work in each other's respective countries of the US and UK. So once Tom got a job ...",www.hgtv.com/shows/house-hunters-international/episodes/going-the-distance-to-bridge-the-gap-in-montevideo-uruguay,63,2
56,"Season 63, Episode 3",A Family Retraces Dad's Roots in Aalen,"Jane and Johannes liken their love story to a Korean soap opera born in different lands, but sharing common heritages, they met overseas and fell head over heels in love, only to be ...",www.hgtv.com/shows/house-hunters-international/episodes/a-family-retraces-dads-roots-as-they-balance-korean-american-and-german-heritages-in-aalen,63,3
57,"Season 63, Episode 4",Leaving London and Setting Sail to Roseau,"Since Sonia could remember, Ron, her husband of 15 years, pinned for his childhood days on the Caribbean island of Dominica. Engulfed in her career, Sonia paid Ron's suggestion about island ...",www.hgtv.com/shows/house-hunters-international/episodes/after-a-lifetime-of-longing-a-husband-convinces-his-wife-to-leave-london-and-set-sail-to-roseau,63,4
58,"Season 63, Episode 5",Head Over High Heels for a Home in Andorra,The expansion of her husband's business into Europe means a change of scenery for Latin recording artist Alondra. She's leaving the excitement and glitz of the Miami music scene behind to ...,www.hgtv.com/shows/house-hunters-international/episodes/head-over-high-heels-for-a-home-in-andorra,63,5
59,"Season 63, Episode 6","Snowbird Sanctuary in Huatulco, Mexico","For the last five years, George and Kathy have made Huatulco, Mexico their getaway from the cold Canadian winters.  They love the area so much that they've decided that renting a home there ...",www.hgtv.com/shows/house-hunters-international/episodes/snowbird-sanctuary-in-huatulco-mexico,63,6
60,"Season 63, Episode 7","Italian Dream for Party of Eleven, In Veneto",Josh and Sarah Brown fell in love with Italy during their European honeymoon fifteen years ago. Now they've decided to leave behind their fast paced lifestyle in Indiana and return to the ...,www.hgtv.com/shows/house-hunters-international/episodes/italian-dream-for-party-of-eleven-in-veneto,63,7
61,"Season 63, Episode 8",Leaving it all for London,"College sweethearts Lauren and Adam Westin have always dreamed of a return trip to explore Europe, but marriage managed to seemingly settle them down for good in Atlanta. When the ...",www.hgtv.com/shows/house-hunters-international/episodes/leaving-it-all-for-london,63,8
62,"Season 63, Episode 9",Lady in Reading,Mark and his wife Danielle had been living together in Seattle until inspiration struck to change their lives and move somewhere else.  With an opportunity to change positions within the same ...,www.hgtv.com/shows/house-hunters-international/episodes/lady-in-reading,63,9
63,"Season 63, Episode 10","A Piece of Paradise in Puerto Vallarta, Mexico","Avid travelers Charles and Karen have visited nearly 100 countries on all seven continents, but have returned to their very first destination, Puerto Vallarta, Mexico, to buy their dream ...",www.hgtv.com/shows/house-hunters-international/episodes/a-piece-of-paradise-in-puerto-vallarta-mexico,63,10
64,"Season 63, Episode 11","Financing the Endless Summer in Nosara, Costa Rica","Years of vacationing and surfing Nosara's breaks made Jeff and Erin Shapiro feel at home, so now they're going to buy one. But to finance the endless summer, they'll need to find a vacation ...",www.hgtv.com/shows/house-hunters-international/episodes/financing-the-endless-summer-in-nosara-costa-rica,63,11
65,"Season 63, Episode 12","Family Time in Roatan, Honduras","Being able to stay focused is one of the reasons IT consultant Elizabeth Grace, was good at her job.  She was able build a comfortable life for her family in Petaluma, California and free up ...",www.hgtv.com/shows/house-hunters-international/episodes/family-time-in-roatan-honduras,63,12
66,"Season 63, Episode 13",Jumpstarting a Renaissance in Florence,"Carmen and Kyle love life in San Diego, but they've been itching for adventure, and it's a call they can no longer ignore. They've been in love with Florence since their honeymoon, and are ...",www.hgtv.com/shows/house-hunters-international/episodes/a-couple-seeks-to-jumpstart-a-renaissance-in-italys-celebrated-city-of-new-beginnings-florence,63,13
67,"Season 96, Episode 1",Will Midwesterners Settle Down in Guatemala City or Antigua?,Jonathan has just won a Fulbright award to teach in Guatemala City and is relocating his family from the Midwest to Central America so they can experience a different culture. His wife ...,www.hgtv.com/shows/house-hunters-international/episodes/will-midwesterners-settle-down-in-guatemala-city-or-antigua,96,1
68,"Season 96, Episode 2","Glory Days on St. Thomas, USVI","Dan wears his freewheeling nature on his sleeve, so when he'd had enough of the cold New Jersey winters, he decided to run his construction business remotely from the sun and surf of St ...",www.hgtv.com/shows/house-hunters-international/episodes/glory-days-on-st-thomas-usvi,96,2
69,"Season 96, Episode 3","Escaping the USA To Find Peace and Serenity in Boca Chica, Panama","Brad and Susie love their home in Texas, but trying to find some peace and serenity stateside is becoming impossible.  After a visit to Panama, they've fallen in love with a remote area ...",www.hgtv.com/shows/house-hunters-international/episodes/escaping-the-usa-to-find-peace-and-serenity-in-boca-chica-panama,96,3
70,"Season 96, Episode 4","Beach Battle in Punta del Este, Uruguay","When Tim and Eric adopted Ignacio and Eva, they made a commitment to connect the kids to their Latino heritage. After an exhaustive search, they decided on the coastal country of Uruguay and ...",www.hgtv.com/shows/house-hunters-international/episodes/beach-battle-in-punta-del-este-uruguay,96,4
71,"Season 96, Episode 5",Putting Down Roots in Porto,"Jeff and Glenn met over 20 years ago in San Francisco, and they've been a couple ever since. After years of spending time together and apart due to work, they've settled on Porto, Portugal ...",www.hgtv.com/shows/house-hunters-international/episodes/putting-down-roots-in-porto,96,5
72,"Season 96, Episode 6",A Home Made in Hamilton,"A job opportunity in New Zealand will give Texan Andrew the chance to spend more time with his wife Amber and their two daughters. To maximize their time together, he wants to live near the ...",www.hgtv.com/shows/house-hunters-international/episodes/a-home-made-in-hamilton,96,6
73,"Season 96, Episode 7",Staying on Track in Monaco,"Ever since his grandparents returned with photos of the fabled Monaco Grand Prix, Benjamin has dreamed of living there. For years he's saved every penny in hopes of one day making it to the ...",www.hgtv.com/shows/house-hunters-international/episodes/staying-on-track-in-monaco,96,7
74,"Season 96, Episode 8",No Snow in San Jose del Cabo,"Bob and Indya have grown tired of cold Oregon winters, and these outdoor enthusiasts are looking for some fun in the sun. After visiting San Jose del Cabo, they decided it was time to invest ...",www.hgtv.com/shows/house-hunters-international/episodes/no-snow-in-san-jose-del-cabo,96,8
75,"Season 96, Episode 9","Finding a Flat in Florence, Italy","Lawyer Phil is relocating his practice to Florence, Italy, after Venice proved to be too inconvenient and expensive. Since he specializes in art and intellectual property, this metropolitan ...",www.hgtv.com/shows/house-hunters-international/episodes/finding-a-flat-in-florence-italy,96,9
76,"Season 96, Episode 10","What's Right in Brighton, England","Mark, Melani and their daughters are moving from Arizona to Brighton, England, after Mark got a job transfer there. Melani is excited about the change, but Mark worries about their kids ...",www.hgtv.com/shows/house-hunters-international/episodes/whats-right-in-brighton-england,96,10
77,"Season 96, Episode 11",Meeting in the Middle in Munich,"Julie, Andy and their five-year-old daughter Genevieve moved to Munich, Germany, but they don't know anyone there or speak the language. They sold everything they own to fulfill their ...",www.hgtv.com/shows/house-hunters-international/episodes/meeting-in-the-middle-in-munich,96,11
78,"Season 96, Episode 12",Battlefield Perth,"Alex, Jocelyn and their two children settled down in Calgary, Canada, to be close to Jocelyn's family. Yearning for the life he left behind in Perth, Australia, Alex got a job transfer there ...",www.hgtv.com/shows/house-hunters-international/episodes/battlefield-perth,96,12
79,"Season 96, Episode 13",The Art of Island Living in Australia,"Paleontologist Mike and artist Pip met in Australia while Pip was visiting from her native Scotland. In time they were married, and they've now decided to get their first house together. Pip ...",www.hgtv.com/shows/house-hunters-international/episodes/the-art-of-island-living-in-australia,96,13
80,"Season 100, Episode 1","Living The Fairy Tale Life in Salzburg, Austria","A couple sets their sights on Salzburg, Austria -- the birthplace of his father and a picture-book town where he visited as a child -- to settle down and start a travel blog before raising a ...",www.hgtv.com/shows/house-hunters-international/episodes/living-the-fairy-tale-life-in-salzburg-austria,100,1
81,"Season 100, Episode 2",Creative Inspiration in Mexico,"Overworked consultant Monisha is moving from Washington, DC, to slower-paced Guanajuato, Mexico, in search of her dream home. Originally there to study Spanish, she was immediately immersed ...",www.hgtv.com/shows/house-hunters-international/episodes/creative-inspiration-in-mexico,100,2
82,"Season 100, Episode 3","On the Road to Edinburgh, Scotland","Newlyweds and travel bloggers Laurence and Jessica are ready to set down roots and build their future in Edinburgh, Scotland. With its rich history and culture, they try to find a place in ...",www.hgtv.com/shows/house-hunters-international/episodes/on-the-road-to-edinburgh-scotland,100,3
83,"Season 100, Episode 4",Role Reversal in Rotterdam,"Christi and Mike were eager to move out of South Africa and experience something new after recently starting a family. When a job opened up for Christi in Rotterdam, Netherlands, it was a ...",www.hgtv.com/shows/house-hunters-international/episodes/role-reversal-in-rotterdam,100,4
84,"Season 100, Episode 5",Time Out in Tamarindo,"High school sweethearts Ricky and Becca have a family and a successful business together in their home town of Williston, North Dakota. In many ways they have a dream life, but Ricky works ...",www.hgtv.com/shows/house-hunters-international/episodes/time-out-in-tamarindo,100,5
85,"Season 100, Episode 6",Cape Town Girl,"College sweethearts move to Cape Town, South Africa, to pursue a job opportunity and new adventures. But while she is hoping to trade the Rocky Mountains for Cape Town's beautiful beaches ...",www.hgtv.com/shows/house-hunters-international/episodes/cape-town-girl,100,6
86,"Season 100, Episode 7","Challenges in Cheltenham, England","High school sweethearts Libby and TJ are following Libby's career to Cheltenham, England.  TJ is very reluctant to move because he and his fashion business are ensconced in Wilmington, North ...",www.hgtv.com/shows/house-hunters-international/episodes/challenges-in-cheltenham-england,100,7
87,"Season 100, Episode 8",Drumming Up a Life in Japan,Retired Pointer Sisters drummer Jim Ingle is ready to settle down with his wife and daughter after many years of touring and traveling the world. After becoming close friends with a family ...,www.hgtv.com/shows/house-hunters-international/episodes/drumming-up-a-life-in-japan,100,8
88,"Season 100, Episode 9",From Germantown to Germany,"Alex and Sunny Hempel are excited to move from Germantown, Wisconsin, to Cologne, Germany, where Alex will represent his United States-based company. They have never lived in a city and will ...",www.hgtv.com/shows/house-hunters-international/episodes/from-germantown-to-germany,100,9
89,"Season 100, Episode 10",'Spacing' Out in Amsterdam,"Amanda is leaving her fast-paced job as a fashion buyer in New York City for a promotion in Amsterdam, where she's planning to buy the apartment she could never afford in Manhattan. She's ...",www.hgtv.com/shows/house-hunters-international/episodes/spacing-out-in-amsterdam,100,10
90,"Season 100, Episode 11",New Home Base in Rotterdam,"Jodi and Steve are moving to Rotterdam, Netherlands, in search of more European traveling adventures. Ever since their first trip to Europe, they have dreamed of going back for more. But ...",www.hgtv.com/shows/house-hunters-international/episodes/new-home-base-in-rotterdam,100,11
91,"Season 100, Episode 12",Heart of Colchester,"Professor Gina was offered a job at the University of Essex in Colchester, England. Due to a health condition that is exacerbated by the Texas heat, she and her husband, Will, have decided ...",www.hgtv.com/shows/house-hunters-international/episodes/heart-of-colchester,100,12
92,"Season 100, Episode 13",Family First in Mexico,"Overwhelmed with the stress of running their own business in Arkansas, new dads Randy and Randal are looking for a vacation home in Puerto Vallarta, Mexico. Puerto Vallarta has been their ...",www.hgtv.com/shows/house-hunters-international/episodes/family-first-in-mexico,100,13
93,"Season 108, Episode 1",No Bull in Pamplona,"A Spanish teacher and her family are moving from Michigan to Pamplona, Spain. After teaching Spanish for more than 20 years, Kristin has convinced her husband, Jim, and their daughter to ...",www.hgtv.com/shows/house-hunters-international/episodes/no-bull-in-pamplona,108,1
94,"Season 108, Episode 2",Adventures in Tanzania,"A family with a passion for travel follows a job opportunity abroad in Dar es Salaam, Tanzania. The country is home to Mt. Kilimanjaro, the Serengeti region and the Masai people, so the ...",www.hgtv.com/shows/house-hunters-international/episodes/adventures-in-tanzania,108,2
95,"Season 108, Episode 3",Get Away to Hawke's Bay,"After falling in love with the landscape and laid back lifestyle of New Zealand, two workaholics make the decision to move without jobs to rural Hawke's Bay. But with one willing to undergo ...",www.hgtv.com/shows/house-hunters-international/episodes/get-away-to-hawkes-bay,108,3
96,"Season 108, Episode 4",Living the Medieval Dream,"After visiting Italy as a teenager and vowing to return, a woman and her wife decide to move to the medieval village of Guardia Sanframondi. With mountainous views and inexpensive properties ...",www.hgtv.com/shows/house-hunters-international/episodes/living-the-medieval-dream,108,4
97,"Season 108, Episode 5",Paid in Full in Ecuador,"Globetrotting Hoosiers Pat and Karen fell in love with San Jose and are ready to make the move from Indiana, but with no mortgages in Ecuador, they must pay in full with their life savings ...",www.hgtv.com/shows/house-hunters-international/episodes/paid-in-full-in-ecuador,108,5
98,"Season 108, Episode 6",Healthy on the Sunshine Coast,"After meeting in Brisbane, Australia, this couple decides to look outside of the city for a more sustainable lifestyle in the country. He's up for the challenge but says he wants to build ...",www.hgtv.com/shows/house-hunters-international/episodes/healthy-on-the-sunshine-coast,108,6
99,"Season 108, Episode 7",A New Job In Nuremberg,"A couple leaves the rolling hills of Tennessee for a bombshell job offer in Nuremberg, Germany. He wants a modern home with a short commute, but she prefers a home with character in the city ...",www.hgtv.com/shows/house-hunters-international/episodes/a-new-job-in-nuremberg,108,7
100,"Season 108, Episode 8",Ro Sham Bocas del Toro,"After an eye-opening accident, Wendy and Simon are following their dream of opening a business in the Caribbean. Their research leads them to Bocas del Toro, Panama, which offers great ...",www.hgtv.com/shows/house-hunters-international/episodes/ro-sham-bocas-del-toro,108,8
101,"Season 108, Episode 9",From the Big Apple to Berlin,"Scott, a New York pharmaceutical executive who rarely leaves the United States, has gotten a job promotion and a transfer to Berlin, Germany. Scott's visions sometimes exceed his wallet, so ...",www.hgtv.com/shows/house-hunters-international/episodes/from-the-big-apple-to-berlin,108,9
102,"Season 108, Episode 10",Oh No Okinawa,"A couple has the opportunity to move to Okinawa, Japan, for work and they know it's too good to pass up. However, their son is going into his senior year and he is reluctant to say goodbye ...",www.hgtv.com/shows/house-hunters-international/episodes/oh-no-okinawa,108,10
103,"Season 108, Episode 11",New Business in Verona,"Rick and Ron have fallen in love with Verona, Italy, and they're ready to buy a home and start a new business in the historic city. Rick is set on having an apartment with Italian charm in ...",www.hgtv.com/shows/house-hunters-international/episodes/new-business-in-verona,108,11
104,"Season 108, Episode 12",Castelli Fit For A Texan,"After the loss of a job in Texas, a couple and their two daughters are seizing the opportunity to reinvent themselves in Castelli Romani, Italy. He fears the family is holding on to ...",www.hgtv.com/shows/house-hunters-international/episodes/castelli-fit-for-a-texan,108,12
105,"Season 108, Episode 13",Casas in Cabo,"Gretchen and Rob want to buy a vacation home where they can eventually retire in Cabo San Lucas, Mexico. But Gretchen is a stickler for the budget while Rob wants them to live as comfortably ...",www.hgtv.com/shows/house-hunters-international/episodes/casas-in-cabo,108,13
106,"Season 117, Episode 1",House Fishing in St. Croix,Texans Colt and Brooke have lived in a travel trailer for two years to save for a new life and business together on gorgeous St. Croix. Their tight quarters have Brooke adding a ...,www.hgtv.com/shows/house-hunters-international/episodes/house-fishing-in-st-croix,117,1
107,"Season 117, Episode 2",Downsizing in Stockholm,"Annika and Mike have given up their five-bedroom home and steady jobs in order to set sail for Stockholm, Sweden, a family-friendly city where they want to raise their 3-year-old son. Family ...",www.hgtv.com/shows/house-hunters-international/episodes/downsizing-in-stockholm,117,2
108,"Season 117, Episode 3",From the Beach to Barcelona,"Andrea and Harris have lived in a small town in Costa Rica for the last three years, exposing their kids to more of the world, but now they're ready to make one last international move. The ...",www.hgtv.com/shows/house-hunters-international/episodes/from-the-beach-to-barcelona,117,3
109,"Season 117, Episode 4",Hitting the Slopes in Chile,"A couple leaves everything their kids have ever known for a new adventure in Chile. They don't see eye-to-eye on a home style or the budget, as he wants a rustic cabin and is worried about ...",www.hgtv.com/shows/house-hunters-international/episodes/hitting-the-slopes-in-chile,117,4
110,"Season 117, Episode 5",Rugby Down Under,"A couple that's bored of their day jobs in Amsterdam jumps at the chance to move when he gets the opportunity to play amateur rugby in Noosa, Australia. She wants a second bedroom to ...",www.hgtv.com/shows/house-hunters-international/episodes/rugby-down-under,117,5
111,"Season 117, Episode 6",Cuenca Decide,"A couple is moving to Cuenca, Ecuador, to experience a new culture as a family during their son's formative years. She wants a charming, old-style home in the heart of the city, but he ...",www.hgtv.com/shows/house-hunters-international/episodes/cuenca-decide,117,6
112,"Season 117, Episode 7",Living the sweet life in Puerta Vallarta,"A couple is leaving the corporate world to open a chocolate shop in Puerto Vallarta, Mexico. He thinks there is no need to blow the budget on an extravagant home, but she's driving a hard ...",www.hgtv.com/shows/house-hunters-international/episodes/living-the-sweet-life-in-puerta-vallarta,117,7
113,"Season 117, Episode 8",Going Big In Mexico,"A couple wants to escape their busy accounting firm for the beaches of Puerto Vallarta, Mexico. He doesn't mind breaking the bank for a place that has everything he wants, but she knows they ...",www.hgtv.com/shows/house-hunters-international/episodes/going-big-in-mexico,117,8
114,"Season 117, Episode 9",Finding Comforts in Bangalore,"Adventure-loving Nik couldn't pass up a job offer in Bangalore, India, and while Misty lived with him in Europe before, India will be a drastic difference. She's determinded to find Western ...",www.hgtv.com/shows/house-hunters-international/episodes/finding-comforts-in-bangalore,117,9
115,"Season 117, Episode 10","Warm Wishes in Playa Hermosa, Costa Rica","A couple that enjoys living in Fargo most of the year is done dealing with North Dakota's brutally cold winters. They want to purchase a snowbird sanctuary in Playa Hermosa, Costa Rica, but ...",www.hgtv.com/shows/house-hunters-international/episodes/warm-wishes-in-playa-hermosa-costa-rica,117,10
116,"Season 117, Episode 11",See You There in Villefranche-sur-Mer,"A couple that's been living long-distance wants to purchase a home in Villefranche-sur-Mer, France, where they can spend longer periods of time together. One wants something sensible and ...",www.hgtv.com/shows/house-hunters-international/episodes/see-you-there-in-villefranche-sur-mer,117,11
117,"Season 117, Episode 12",From the Jungle to the City,"After building a boutique hotel in the jungle of Costa Rica, a couple is ready to switch from luxury treetop living to settling down in Lyon, France. He can't step away from the drawing ...",www.hgtv.com/shows/house-hunters-international/episodes/from-the-jungle-to-the-city,117,12
118,"Season 117, Episode 13","Family Roots in Pacentro, Italy","Andrew and Tracy are looking for a home in Pacentro, Italy, a small village where Tracy's family traces its roots. They're concerned about unexpected details like tiny kitchens and living ...",www.hgtv.com/shows/house-hunters-international/episodes/family-roots-in-pacentro-italy,117,13
119,"Season 122, Episode 1",Giving Back in Beijing,"After 15 years as a lawyer and earning several accolades for his community work, a New Orleans man is ready to make a drastic change. He's fallen in love with the beauty of China, especially ...",www.hgtv.com/shows/house-hunters-international/episodes/giving-back-in-beijing,122,1
120,"Season 122, Episode 2",Family Matters Down Under,"After vacationing in Australia with her parents, a couple is inspired to move down under in hopes of finding a better work-life balance for them and their kids. He's going to Adelaide ahead ...",www.hgtv.com/shows/house-hunters-international/episodes/family-matters-down-under,122,2
121,"Season 122, Episode 3",A Fresh Start in Costa Rica,"Now that her children are grown, a newly single woman from Reno, Nevada, is ready for a fresh start and is leaving the 9-5 work grind behind. She's looking for her dream home in the beach ...",www.hgtv.com/shows/house-hunters-international/episodes/a-fresh-start-in-costa-rica,122,3
122,"Season 122, Episode 4",New Teaching Adventure in Guadalajara,"A New Jersey couple living and teaching in the Dominican Republic decides to move to Guadalajara, Mexico, for a job offer at The American School Foundation of Guadalajara. They hope to start ...",www.hgtv.com/shows/house-hunters-international/episodes/new-teaching-adventure-in-guadalajara,122,4
123,"Season 122, Episode 5",Dutch You See is Dutch You Get in Amsterdam,"The love of traveling has always been this couple's driving force, so they jumped at the opportunity to move to Amsterdam when the opportunity arose. As accountants in the cookie-cutter ...",www.hgtv.com/shows/house-hunters-international/episodes/dutch-you-see-is-dutch-you-get-in-amsterdam,122,5
124,"Season 122, Episode 6",Leapin' Lizards in France,A biologist is moving his entire family to the south of France for a fellowship opportunity. He wants to find a country house in biking distance of his job while his wife is more concerned ...,www.hgtv.com/shows/house-hunters-international/episodes/leapin-lizards-in-france,122,6
125,"Season 122, Episode 7",New Life in New Zealand,"A couple is selling their Tennessee business for a chance to live a simpler life with their two children in Palmerston North, New Zealand. She's taking a new job opportunity that comes with ...",www.hgtv.com/shows/house-hunters-international/episodes/new-life-in-new-zealand,122,7
126,"Season 122, Episode 8",Santo Domingo and Son,A Vermont mom moves her son to the Dominican Republic to learn about the other half of his family history. She soon discovers that what she envisioned for herself and what she can afford are ...,www.hgtv.com/shows/house-hunters-international/episodes/santo-domingo-and-son,122,8
127,"Season 122, Episode 9",Romanian Doctors in Ireland,"Doctors leave the comforts of Romania behind for a job opportunity and a chance to raise their daughter bilingual in Limerick, Ireland. She wants a cozy home with easy access to amenities ...",www.hgtv.com/shows/house-hunters-international/episodes/romanian-doctors-in-ireland,122,9
128,"Season 122, Episode 10",Feuding in Freiburg,"After years of long-distance dating, a couple struggles to find their first apartment together in Freiburg, Germany. She's targeting a walkable location in downtown Freiburg, but he's ...",www.hgtv.com/shows/house-hunters-international/episodes/feuding-in-freiburg,122,10
129,"Season 122, Episode 11",What's to Lose in Toulouse?,"A French-born teacher living in Utah is ready to return to France with his artist wife and young son. They both want a home with outdoor space in downtown Toulouse, but they find the house ...",www.hgtv.com/shows/house-hunters-international/episodes/whats-to-lose-in-toulouse,122,11
130,"Season 122, Episode 12",Back and Perth,"After working part-time between California and Australia, a veterinarian dermatologist is ready to purchase a home in Perth. He's looking for a place close to his job, but he wants to make ...",www.hgtv.com/shows/house-hunters-international/episodes/back-and-perth,122,12
131,"Season 122, Episode 13",Letting Go in Puerto Vallarta,"A couple ditches the San Francisco rat race to hunt for their forever home by the beach in Puerto Vallarta, Mexico. With very different ideas of what makes the perfect place, a booming real ...",www.hgtv.com/shows/house-hunters-international/episodes/letting-go-in-puerto-vallarta,122,13
132,"Season 124, Episode 1",Zurich Ever After,"A job opportunity has brought newlyweds to Switzerland, but the pair has different opinions on where in Zurich they want to reside. She wants a suburban space that feels like her native ...",www.hgtv.com/shows/house-hunters-international/episodes/zurich-ever-after,124,1
133,"Season 124, Episode 2","Falling in Love with Zagreb, Croatia","Samantha loves to travel and jumped at the chance to visit her friend Triston in Zagreb, Croatia. Samantha instantly fell in love with the city and how much culture and art it offers for a ...",www.hgtv.com/shows/house-hunters-international/episodes/falling-in-love-with-zagreb-croatia,124,2
134,"Season 124, Episode 3","Family First in Chiang Mai, Thailand","A wife decides to move with her two kids closer to her husband, who's working in Afghanistan, to strengthen the family bond. They meet in Chiang Mai, Thailand, to begin the house hunt, but ...",www.hgtv.com/shows/house-hunters-international/episodes/family-first-in-chiang-mai-thailand,124,3
135,"Season 124, Episode 4",Returning to Saipan,"While working at a resort as a lifeguard, Whitney fell in love with Saipan, one of the Northern Mariana Islands in the Pacific Ocean near the Philippines. Her time there was cut short ...",www.hgtv.com/shows/house-hunters-international/episodes/returning-to-saipan,124,4
136,"Season 124, Episode 5",Make Room for Family in Auckland,"Becca and Matt are leaving their demanding jobs in Chicago in order to spend more time with their toddler in Auckland, New Zealand. Matt is ready to blow the budget and settle on a big and ...",www.hgtv.com/shows/house-hunters-international/episodes/make-room-for-family-in-auckland,124,5
137,"Season 124, Episode 6",Dutch Dreaming,"A couple that married in Amsterdam looks at a permanent move to the Netherlands. One feels he'll adjust more easily if they find an apartment with lots of guest and work space. However, the ...",www.hgtv.com/shows/house-hunters-international/episodes/dutch-dreaming,124,6
138,"Season 124, Episode 7","Closer to the Equator in Huatulco, Mexico","A couple that's ready to relax in the warmth and sunshine ditches Ontario blizzards for the beach town of Huatulco, Mexico. While she's looking for a low-maintenance condo close to the ...",www.hgtv.com/shows/house-hunters-international/episodes/closer-to-the-equator-in-huatulco-mexico,124,7
139,"Season 124, Episode 8","Following the Signs to Ambergris Caye, Belize","A couple decides to leave Brooklyn winters behind for a new life on Ambergris Caye, Belize. They both want a view of the Caribbean with privacy, but one is picky about style and furniture ...",www.hgtv.com/shows/house-hunters-international/episodes/following-the-signs-to-ambergris-caye-belize,124,8
140,"Season 124, Episode 9",The Sea in Sitges,"After a two-week cruise through the Mediterranean, Gene and Shawn were inspired to take a big leap and move to Sitges, Spain. Accountant Shawn can work remotely, while Gene is leaving behind ...",www.hgtv.com/shows/house-hunters-international/episodes/the-sea-in-sitges,124,9
141,"Season 124, Episode 10",Tension in Taipei,"A couple moves with their three children from California to Taipei, Taiwan, to get back to their ancestral roots. However, with no current income, their budget may stifle their pricey ...",www.hgtv.com/shows/house-hunters-international/episodes/tension-in-taipei,124,10
142,"Season 124, Episode 11","Following the Beat to Valencia, Spain","Newlyweds are moving to Valencia, Spain, just months after tying the knot so he can finish his master's in music. They're excited to experience the culture, but because neither of them have ...",www.hgtv.com/shows/house-hunters-international/episodes/following-the-beat-to-valencia-spain,124,11
143,"Season 124, Episode 12",Looking for Dutch Charm in Amsterdam,A couple that's dreamed of living abroad and exposing their children to a new culture gets the opportunity with a job offer in Amsterdam. She wants to find a place that helps the family feel ...,www.hgtv.com/shows/house-hunters-international/episodes/looking-for-dutch-charm-in-amsterdam,124,12
144,"Season 124, Episode 13",Easy Ride to Chiang Mai,"After an eye-opening motorcycle trip to Thailand, a man decides to sell his home and business and push reset on his life with a move to Chiang Mai. A friend with a vast knowledge of the city ...",www.hgtv.com/shows/house-hunters-international/episodes/easy-ride-to-chiang-mai,124,13
145,"Season 128, Episode 1",Vacation Home on the Map,"A Canadian family wants to escape the cold and enjoy the warm weather and activities in Cerritos Beach, Mexico, an up-and-coming town still under construction. Moving to a town that is ...",www.hgtv.com/shows/house-hunters-international/episodes/vacation-home-on-the-map,128,1
146,"Season 128, Episode 2",A London Loft for Lovebirds,"Canadians Mac and Giulia are embarking upon a new city, new jobs, a new relationship and a new home. They're excited to find a loft in East London, but the search turns tricky when they ...",www.hgtv.com/shows/house-hunters-international/episodes/a-london-loft-for-lovebirds,128,2
147,"Season 128, Episode 3",At Home in Singapore,"A Brooklyn couple with a newborn daughter decides to move to Singapore for his job opportunity. But while she wants all the amenities and a great neighborhood like they have in Brooklyn, he ...",www.hgtv.com/shows/house-hunters-international/episodes/at-home-in-singapore,128,3
148,"Season 128, Episode 4","A Family Affair in Umea, Sweden","When Tiffany landed a teaching position in Umea, Sweden, it wasn't just her husband, Dave, and the kids who were packing their bags. Tiffany's twin sister, Vanessa, is also on board for the ...",www.hgtv.com/shows/house-hunters-international/episodes/a-family-affair-in-umea-sweden,128,4
149,"Season 128, Episode 5",To San Jose in Search of Nature,"Looking to trade skyscrapers for a soft jungle breeze, a pair of world-travelling teachers moves their family from busy Shanghai to calming San Jose, Costa Rica. Led by best intentions, Pat ...",www.hgtv.com/shows/house-hunters-international/episodes/to-san-jose-in-search-of-nature,128,5
150,"Season 128, Episode 6","Love, Work, Babies and Bikes","A couple puts her law career on hold to support his military promotion in Hainaut, Belgium. Between their dog, his motorcycle and her desire to start a family, however, the young couple will ...",www.hgtv.com/shows/house-hunters-international/episodes/love-work-babies-and-bikes,128,6
151,"Season 128, Episode 7","Leaving Chilly Northern California for Cabo San Lucas, Mexico",A California couple decides to leave their large home in Silicon Valley for an even bigger home with ocean views in sunny Cabo San Lucas. But their expectations and their price point don't ...,www.hgtv.com/shows/house-hunters-international/episodes/leaving-chilly-northern-california-for-cabo-san-lucas-mexico,128,7
152,"Season 128, Episode 8","Puerto Penasco, You've Changed","David grew up visiting Puerto Penasco, Mexico, and now he wants to share the quaint fishing village he remembers with his wife, Amanda, and their kids. But the quiet town he once knew has ...",www.hgtv.com/shows/house-hunters-international/episodes/puerto-penasco-youve-changed,128,8
153,"Season 128, Episode 9","The King of Queens in London, England","Jordan is getting the chance of a lifetime to study playwriting at a graduate school in London, and he's bringing his dog as well as his drag alter ego, Wanda Cookie, along for the adventure ...",www.hgtv.com/shows/house-hunters-international/episodes/the-king-of-queens-in-london-england,128,9
154,"Season 128, Episode 10","Puns of Fun in Phnom Penh, Cambodia","Speech therapist Joanne is moving from Los Angeles to Phnom Penh, Cambodia, to work, and she has a friend with a keen eye and local experience helping her look for an apartment. Joanne wants ...",www.hgtv.com/shows/house-hunters-international/episodes/puns-of-fun-in-phnom-penh-cambodia,128,10
155,"Season 128, Episode 11",Beauty and Tulips in Amsterdam,"Kim, a beauty industry leader living in New York City, and Hein, a fourth-generation Dutch tulip farmer, are taking their long-distance relationship to the next level by moving in together ...",www.hgtv.com/shows/house-hunters-international/episodes/beauty-and-tulips-in-amsterdam,128,11
156,"Season 128, Episode 12",A Devil of a Hunt in Tasmania,"After eight years of living in the heat of Darwin, Australia, Charlie wants to be in a cooler climate and insists his partner, Ryan, accept a job transfer to chilly Hobart, Tasmania. They're ...",www.hgtv.com/shows/house-hunters-international/episodes/a-devil-of-a-hunt-in-tasmania,128,12
157,"Season 128, Episode 13",Honeymooners in Stockholm,"When David found out he couldn't bring Jessie to Stockholm unless they were married, he bought her a candy ring and hoped for the best. Now they're off to Sweden as newlyweds, with just one ...",www.hgtv.com/shows/house-hunters-international/episodes/honeymooners-in-stockholm,128,13
158,"Season 129, Episode 1",Alone in Landshut,"An unexpected job offer in Landshut, Germany, allows newlyweds to achieve their dream of moving to Europe. He's excited about the new opportunity but she loves her job and friends in North ...",www.hgtv.com/shows/house-hunters-international/episodes/alone-in-landshut,129,1
159,"Season 129, Episode 2",Paris By the Books,"Cristina is leaving Boston to complete her degree in international law, and her mom is tagging along to help her find a place and settle into a new life in Paris. Cristina's priorities ...",www.hgtv.com/shows/house-hunters-international/episodes/paris-by-the-books,129,2
160,"Season 129, Episode 3","Teach Me, Italy","Chris and Gennieve are teachers and travel junkies always looking for the next adventure. Gennieve fell in love with Italy in college, and they've both been offered positions there, so ...",www.hgtv.com/shows/house-hunters-international/episodes/teach-me-italy,129,3
161,"Season 129, Episode 4",Girls vs. Boys in Bolivia,"A family of four moves to Bolivia to follow a job opportunity, but the high altitude city of La Paz is a big change from what they are used to, leaving them divided on where to look for a ...",www.hgtv.com/shows/house-hunters-international/episodes/girls-vs-boys-in-bolivia,129,4
162,"Season 129, Episode 5","Sing It Out in Karlsruhe, Germany","After years of being in a long-distance relationship, professional opera singers Nick and Jen have finally found a city they can both work in. The birth of their daughter has shifted their ...",www.hgtv.com/shows/house-hunters-international/episodes/sing-it-out-in-karlsruhe-germany,129,5
163,"Season 129, Episode 6",London by Line Item,"A Philadelphia professional yearns to shake up her life with a new job opportunity in London, but her hesitant boyfriend has never lived outside of America's East Coast and is anxious about ...",www.hgtv.com/shows/house-hunters-international/episodes/london-by-line-item,129,6
164,"Season 129, Episode 7",Newlywed Adventure in Amsterdam,A job in Amsterdam is giving Dallas newlyweds Jamey and Lucas the opportunity to live in Europe before settling down and having kids. Jamey has never lived far from home and family before ...,www.hgtv.com/shows/house-hunters-international/episodes/newlywed-adventure-in-amsterdam,129,7
165,"Season 129, Episode 8",Too Cute in Tulum,"A spontaneous, fun-loving couple searches for warmer climates and a healthier lifestyle in Tulum, Mexico, after selling their family home. She wants to make sure the home they choose will ...",www.hgtv.com/shows/house-hunters-international/episodes/too-cute-in-tulum,129,8
166,"Season 129, Episode 9",Life Imitates Art in Lisbon,"Debbie has been a fixture in the New York City art world for years, but with her kids grown and her job winding down, she's ready to reinvent herself in Lisbon. She wants a fresh start and a ...",www.hgtv.com/shows/house-hunters-international/episodes/life-imitates-art-in-lisbon,129,9
167,"Season 129, Episode 10",A Taste for Travel in Parma,"Twenty years after a backpacking trip to Italy inspired them to move there someday, Mike and Wendy are moving their family of eight to one of Italy's gastronomy hubs, Parma. Mike and Wendy ...",www.hgtv.com/shows/house-hunters-international/episodes/a-taste-for-travel-in-parma,129,10
168,"Season 129, Episode 11",From Spain to Da Nang,"A teacher and a writer, Casey and Casie are free spirits eager to work in different locations around the world. After some research, they've decided to move from Granada, Spain, to Da Nang ...",www.hgtv.com/shows/house-hunters-international/episodes/from-spain-to-da-nang,129,11
169,"Season 129, Episode 12",Following a Restless Spirit to Vietnam,"With the winds of a restless spirit at her back, Paige convinced her French-born partner, Pierre, to sell his bar in Seville, Spain, buy motorbikes and explore the Vietnamese countryside ...",www.hgtv.com/shows/house-hunters-international/episodes/following-a-restless-spirit-to-vietnam,129,12
170,"Season 129, Episode 13",Chasing Dreams in Costa Rica,"A Seattle couple decides to break free from the corporate grind and follow a job opportunity in Costa Rica. But while she has always dreamed of making a home in Central America, he is a ...",www.hgtv.com/shows/house-hunters-international/episodes/chasing-dreams-in-costa-rica,129,13
171,"Season 145, Episode 1",Family Move to Groningen,"A pastor, professor and their teen daughter are moving, sight unseen, from Kansas City to Groningen, Netherlands. They dream of an authentic experience, but their disagreements may place a ...",www.hgtv.com/shows/house-hunters-international/episodes/family-move-to-groningen,145,1
172,"Season 145, Episode 2","Worlds Collide in Accra, Ghana","A newly engaged couple moves to Accra, Ghana, to live together for the first time. He's lived in Africa before and is open to anything. However, she is much more particular about their ...",www.hgtv.com/shows/house-hunters-international/episodes/worlds-collide-in-accra-ghana,145,2
173,"Season 145, Episode 3",Going for Broke in Sydney,"A job opportunity for Dad brings a young family to Sydney, Australia. But after uprooting her life in chilly Minnesota, Mom wants to go all in on beach life at any cost.",www.hgtv.com/shows/house-hunters-international/episodes/going-for-broke-in-sydney,145,3
174,"Season 145, Episode 4","From Vancouver to the Vineyards of Epernay, France","A wine connoisseur moves with her family to Epernay, France, in the heart of the Champagne region. They consider the options between the sprawling vineyard countryside and the bustling town ...",www.hgtv.com/shows/house-hunters-international/episodes/from-vancouver-to-the-vineyards-of-epernay-france,145,4
175,"Season 145, Episode 5",Rest and Relaxation in Mexico,"After a long recovery from a motorcycle accident sparks a new outlook on life, a young couple starts over on the beaches of Mexico. They came to reset and relax, but the house hunt marks the ...",www.hgtv.com/shows/house-hunters-international/episodes/rest-and-relaxation-in-mexico,145,5
176,"Season 145, Episode 6","Outer Space in La Serena, Chile","When the family breadwinner is an aerospace engineer, there's no better place to move than the research town of La Serena, Chile. However, the kids feel like they may as well move to outer ...",www.hgtv.com/shows/house-hunters-international/episodes/outer-space-in-la-serena-chile,145,6
177,"Season 145, Episode 7","College Besties Reunite in Manta, Ecuador","A Spanish teacher, who loves all things Latin, seeks a vacation home in Manta, Ecuador. It's too much for a teacher's salary, so her beach-loving family agrees to pool resources to make it ...",www.hgtv.com/shows/house-hunters-international/episodes/college-besties-reunite-in-manta-ecuador,145,7
178,"Season 145, Episode 8",Luxury vs. Economy in Vietnam,"Born and raised in Reading, Pennsylvania, two half-brothers decide on a whim to move to Vietnam. One is looking for luxury at any cost, while the other has a more conservative point of view ...",www.hgtv.com/shows/house-hunters-international/episodes/luxury-vs-economy-in-vietnam,145,8
179,"Season 145, Episode 9",Swapping Cities Inside Vietnam,"A young couple moves from Hanoi to Ho Chi Minh City, Vietnam, ready to take the next step in their relationship. They're all-in on the move, but leaving their comfort zone and choosing where ...",www.hgtv.com/shows/house-hunters-international/episodes/swapping-cities-inside-vietnam,145,9
180,"Season 145, Episode 10",Restless Roots in Melbourne,"An adventure-hungry world traveler and a career-focused family man have agreed to finally slow down and return to Melbourne, Australia. He's thrilled to put down some roots after years of ...",www.hgtv.com/shows/house-hunters-international/episodes/restless-roots-in-melbourne,145,10
181,"Season 145, Episode 11",Finding a Cure in London,An American Ph.D. student and cancer survivor moves to England to work on a cure at a leading university. She's hoping to find an adult space on a student budget but finding an affordable ...,www.hgtv.com/shows/house-hunters-international/episodes/finding-a-cure-in-london,145,11
182,"Season 145, Episode 12","Adulting in Aberdeen, Scotland","Recent college grads search for their first place together in Aberdeen, Scotland. They're not sure where to start, but with their eyes on the city center and minimal budget, their ...",www.hgtv.com/shows/house-hunters-international/episodes/adulting-in-aberdeen-scotland,145,12
183,"Season 145, Episode 13",Attempting Adulting in Amsterdam,"Months after their daughter is born, first-time parents get the chance to move to their dream city, Amsterdam. As the difficult realities of parenting in a foreign city set in, they start to ...",www.hgtv.com/shows/house-hunters-international/episodes/attempting-adulting-in-amsterdam,145,13
184,"Season 150, Episode 1",West Coast is Best Coast in Puerto Rico,"A couple that met after a hurricane in Puerto Rico looks to buy a home together on the island's west coast. While he hopes to get a fishing charter company off the ground, she works to ...",www.hgtv.com/shows/house-hunters-international/episodes/west-coast-is-best-coast-in-puerto-rico,150,1
185,"Season 150, Episode 2","Location vs Loved Ones in Buceri­as, Mexico","After vacationing and falling in love with Bucerias, Mexico, a couple decides to search for a home. She wants a house with enough space for family to visit and stay, but he wants a condo ...",www.hgtv.com/shows/house-hunters-international/episodes/location-vs-loved-ones-in-bucerias-mexico,150,2
186,"Season 150, Episode 3",My Three Daughters in Merida,"After backpacking around the world with her three daughters, a single mother decides to settle down in Merida, Mexico. She's looking for a spacious home with character, but her daughters ...",www.hgtv.com/shows/house-hunters-international/episodes/my-three-daughters-in-merida,150,3
187,"Season 150, Episode 4",Reinventing Mexico in SoRo,"A couple looks to simplify their lives and search for a home in Rosarito, Mexico. They're looking for a place with ocean views but he wants a single-family house while she wants a luxury ...",www.hgtv.com/shows/house-hunters-international/episodes/reinventing-mexico-in-soro,150,4
188,"Season 150, Episode 5",Living Together for the First Time in La Paz,"A young couple decides to live together for the first time and move abroad to La Paz, Bolivia. He's budget-minded and wants to find a place they can easily afford while she isn't afraid to ...",www.hgtv.com/shows/house-hunters-international/episodes/living-together-for-the-first-time-in-la-paz,150,5
189,"Season 150, Episode 6",A Return to Nature in Scotland,"After living in close quarters in Amsterdam for several years, an adventurous expat family is hoping for more space in Scotland. Her job takes her into town, however, where the housing is ...",www.hgtv.com/shows/house-hunters-international/episodes/a-return-to-nature-in-scotland,150,6
190,"Season 150, Episode 7","City Vibes vs. Mountain Views in Trento, Italy","An American man fell in love with Trento, Italy, and his wife jumps at the chance to move to Europe. He wants to live near the mountains to be closer to climbing, while she wants to be in ...",www.hgtv.com/shows/house-hunters-international/episodes/city-vibes-vs-mountain-views-in-trento-italy,150,7
191,"Season 150, Episode 8",Heated in Ho Chi Minh,"A globetrotting couple is ready to settle down with their two young daughters in Ho Chi Minh City, Vietnam. He's convinced a home close to work in the heart of Ho Chi Minh City will give ...",www.hgtv.com/shows/house-hunters-international/episodes/heated-in-ho-chi-minh,150,8
192,"Season 150, Episode 9",Luxury vs. Frugality in Hoi An,"A travel-savvy couple moves to Hoi An, Vietnam, for opportunity and adventure. She hopes to start a new business and wants to be budget-conscious, but he wants to capitalize on the ...",www.hgtv.com/shows/house-hunters-international/episodes/luxury-vs-frugality-in-hoi-an,150,9
193,"Season 150, Episode 10",Engineering a Life Without Carpet in Auckland,"A single man relocates to Auckland, New Zealand, for a job opportunity and asks his girlfriend to come along for the adventure. He wants a home near the city, but finding a place they can ...",www.hgtv.com/shows/house-hunters-international/episodes/engineering-a-life-without-carpet-in-auckland,150,10
194,"Season 150, Episode 11","Waking from Hibernation in Sosua, Dominican Republic","A family is tired of cold Toronto winters and long work hours and decides to move to Sosua, Dominican Republic. He wants a single-family house with a pool but she wants a beachfront condo ...",www.hgtv.com/shows/house-hunters-international/episodes/waking-from-hibernation-in-sosua-dominican-republic,150,11
195,"Season 150, Episode 12",French Dreams in Salies-de-Bearn,"After unexpected tragedy strikes, a romance writer and her husband decide to start over in Salies-de-Bearn, France. The town is the perfect inspiration for her writing, but with only one ...",www.hgtv.com/shows/house-hunters-international/episodes/french-dreams-in-salies-de-bearn,150,12
196,"Season 150, Episode 13",The Newlywed Getaway in Guardia,"After three years of dating long distance, a couple marries and searches for a vacation home in Guardia Sanframondi, Italy. One wants a large house for visting family while the other wants ...",www.hgtv.com/shows/house-hunters-international/episodes/the-newlywed-getaway-in-guardia,150,13
197,"Season 152, Episode 1",New Life in County Mayo,"An empty nester that fell in love with Ireland early in life decides to return there for good. She has a plan to start a bed and breakfast, but she quickly realizes that doing so in the ...",www.hgtv.com/shows/house-hunters-international/episodes/new-life-in-county-mayo,152,1
198,"Season 152, Episode 2",Juxtaposition in Johannesburg,"After living in a rural town for over a year, a young couple is ready to get back to city life in Johannesburg, South Africa. They hope to find a roomy place that fits their budget and still ...",www.hgtv.com/shows/house-hunters-international/episodes/juxtaposition-in-johannesburg,152,2
199,"Season 152, Episode 3",Heritage and Handiwork in Sweden,An American man wants to trace his Swedish ancestry and a mysterious family heirloom leads him to Vasteras. While his fiancee is willing to give up everything familiar in Colorado to follow ...,www.hgtv.com/shows/house-hunters-international/episodes/heritage-and-handiwork-in-sweden,152,3
200,"Season 152, Episode 4",Tug of War in Singapore,"San Francisco newlyweds follow his promising tech career to Singapore with a puppy in tow. They need a place that’s pet-friendly, and they are looking for a large enough space for both his ...",www.hgtv.com/shows/house-hunters-international/episodes/tug-of-war-in-singapore,152,4
201,"Season 152, Episode 5",A Family Home in Hobart,"A Washington, DC, couple that fell in love with Australia's vibe while studying abroad decided to return to the country's slower pace. Now, their lease is up and they want to buy, but they ...",www.hgtv.com/shows/house-hunters-international/episodes/a-family-home-in-hobart,152,5
202,"Season 152, Episode 6",A Dream Divided in Portugal,"A couple decides to ditch pricey San Francisco and set their sights on living abroad in Portugal. She wants to relax in the southern coastal region, but he prefers the famous bike routes in ...",www.hgtv.com/shows/house-hunters-international/episodes/a-dream-divided-in-portugal,152,6
203,"Season 152, Episode 7","Mexican Roots, American Anxieties","A couple relocates to his home country of Mexico where their kids can soak up the language and culture. She's on board, but her business and personal anxieties start to set in when they ...",www.hgtv.com/shows/house-hunters-international/episodes/mexican-roots-american-anxieties,152,7
204,"Season 152, Episode 8",Made in Merida,"A Knoxville, TN, woman decides to make a permanent move to Merida, Mexico, after traveling there for a root canal. She quickly discovers that having champagne tastes on a cerveza budget ...",www.hgtv.com/shows/house-hunters-international/episodes/made-in-merida,152,8
205,"Season 152, Episode 9",Untapped Potential in Siem Reap,A globetrotting Australian fell in love with Cambodia and feels it's the perfect fit for her foodie business. She looks to start a company in Siem Reap but is concerned about giving up the ...,www.hgtv.com/shows/house-hunters-international/episodes/untapped-potential-in-siem-reap,152,9
206,"Season 152, Episode 10",Cooking Up a Fresh Start in Cambodia,"A couple and their dog are relocating within Cambodia to open a new restaurant in Siem Reap. He wants to be close to work to keep costs down, but she dreams of a grown-up life in a luxury ...",www.hgtv.com/shows/house-hunters-international/episodes/cooking-up-a-fresh-start-in-cambodia,152,10
207,"Season 152, Episode 11",The Da Nang Dilemma,"Newlyweds leave their comfortable lives in Australia to chase his dream in Vietnam. He's eager to embrace the unknown and live in a Vietnamese neighborhood, but she prefers to settle near ...",www.hgtv.com/shows/house-hunters-international/episodes/the-da-nang-dilemma,152,11
208,"Season 152, Episode 12",Bargaining in Bratislava,"A young professional longing for a European experience follows her job to Bratislava, Slovakia. Taking a reduced salary, however, may force her to skimp on her new apartment to take ...",www.hgtv.com/shows/house-hunters-international/episodes/bargaining-in-bratislava,152,12
209,"Season 152, Episode 13",Art Gallery in Puerto Vallarta,"A couple leaves their hectic work life in Chicago to chase their dream of opening an art gallery in Puerto Vallarta, Mexico. However, opposing views on space limitations force them to make ...",www.hgtv.com/shows/house-hunters-international/episodes/art-gallery-in-puerto-vallarta,152,13
